Dictionnaire , 19377
Indexation , 49997
Requete 1 , 2
Requete 2 , 2
Requete 3 , 2
Requete 4 , 2
Requete 5 , 1
Requete 6 , 4
Requete 7 , 3
Requete 8 , 2
Requete 9 , 2
Requete 10 , 2
Requete 11 , 2
Requete 12 , 3
Requete 13 , 2
Requete 14 , 2
Requete 15 , 28
Requete 16 , 2
Requete 17 , 3
Requete 18 , 2
Requete 19 , 3
Requete 20 , 2
Requete 21 , 2
Requete 22 , 2
Requete 23 , 3
Requete 24 , 1
Requete 25 , 1
Requete 26 , 1
Requete 27 , 1
Requete 28 , 4
Requete 29 , 1
Requete 30 , 1
Requete 31 , 1
Requete 32 , 2
Requete 33 , 1
Requete 34 , 2
Requete 35 , 2
Requete 36 , 2
Requete 37 , 2
Requete 38 , 2
Requete 39 , 2
Requete 40 , 2
Requete 41 , 3
Requete 42 , 2
Requete 43 , 2
Requete 44 , 2
Requete 45 , 2
Requete 46 , 2
Requete 47 , 2
Requete 48 , 1
Requete 49 , 1
Requete 50 , 3
Requete 51 , 3
Requete 52 , 2
Requete 53 , 2
Requete 54 , 2
Requete 55 , 2
Requete 56 , 2
Requete 57 , 2
Requete 58 , 2
Requete 59 , 1
Requete 60 , 1
Requete 61 , 2
Requete 62 , 2
Requete 63 , 2
Requete 64 , 1
Requete 65 , 5
Requete 66 , 2
Requete 67 , 2
Requete 68 , 2
Requete 69 , 2
Requete 70 , 3
Requete 71 , 2
Requete 72 , 2
Requete 73 , 2
Requete 74 , 2
Requete 75 , 2
Requete 76 , 2
Requete 77 , 2
Requete 78 , 2
Requete 79 , 1
Requete 80 , 2
Requete 81 , 2
Requete 82 , 2
Requete 83 , 1
Requete 84 , 4
Requete 85 , 2
Requete 86 , 2
Requete 87 , 2
Requete 88 , 3
Requete 89 , 2
Requete 90 , 1
Requete 91 , 2
Requete 92 , 2
Requete 93 , 2
Requete 94 , 2
Requete 95 , 2
Requete 96 , 2
Requete 97 , 1
Requete 98 , 3
Requete 99 , 1
Requete 100 , 1
Requete 101 , 3
Requete 102 , 2
Requete 103 , 1
Requete 104 , 2
Requete 105 , 2
Requete 106 , 2
Requete 107 , 2
Requete 108 , 2
Requete 109 , 1
Requete 110 , 2
Requete 111 , 2
Requete 112 , 1
Requete 113 , 2
Requete 114 , 2
Requete 115 , 1
Requete 116 , 2
Requete 117 , 2
Requete 118 , 1
Requete 119 , 2
Requete 120 , 2
Requete 121 , 2
Requete 122 , 1
Requete 123 , 2
Requete 124 , 3
Requete 125 , 2
Requete 126 , 1
Requete 127 , 2
Requete 128 , 1
Requete 129 , 2
Requete 130 , 2
Requete 131 , 2
Requete 132 , 1
Requete 133 , 2
Requete 134 , 2
Requete 135 , 1
Requete 136 , 2
Requete 137 , 2
Requete 138 , 1
Requete 139 , 2
Requete 140 , 1
Requete 141 , 2
Requete 142 , 3
Requete 143 , 4
Requete 144 , 1
Requete 145 , 2
Requete 146 , 1
Requete 147 , 2
Requete 148 , 1
Requete 149 , 2
Requete 150 , 1
Requete 151 , 2
Requete 152 , 2
Requete 153 , 3
Requete 154 , 1
Requete 155 , 2
Requete 156 , 1
Requete 157 , 2
Requete 158 , 1
Requete 159 , 2
Requete 160 , 2
Requete 161 , 1
Requete 162 , 1
Requete 163 , 2
Requete 164 , 1
Requete 165 , 2
Requete 166 , 1
Requete 167 , 2
Requete 168 , 1
Requete 169 , 2
Requete 170 , 2
Requete 171 , 1
Requete 172 , 2
Requete 173 , 2
Requete 174 , 1
Requete 175 , 2
Requete 176 , 1
Requete 177 , 2
Requete 178 , 1
Requete 179 , 2
Requete 180 , 1
Requete 181 , 1
Requete 182 , 2
Requete 183 , 2
Requete 184 , 1
Requete 185 , 2
Requete 186 , 1
Requete 187 , 2
Requete 188 , 2
Requete 189 , 1
Requete 190 , 2
Requete 191 , 1
Requete 192 , 2
Requete 193 , 1
Requete 194 , 11
Requete 195 , 1
Requete 196 , 1
Requete 197 , 2
Requete 198 , 1
Requete 199 , 2
Requete 200 , 2
Requete 201 , 1
Requete 202 , 0
